name,type,direction,description
feat_000,float,,SAND shape-aware embedding dimension 0 (L2-normalized; cosine similarity approximates 3D molecular shape overlap)
feat_001,float,,SAND shape-aware embedding dimension 1 (L2-normalized; cosine similarity approximates 3D molecular shape overlap)
feat_002,float,,SAND shape-aware embedding dimension 2 (L2-normalized; cosine similarity approximates 3D molecular shape overlap)
feat_003,float,,SAND shape-aware embedding dimension 3 (L2-normalized; cosine similarity approximates 3D molecular shape overlap)
feat_004,float,,SAND shape-aware embedding dimension 4 (L2-normalized; cosine similarity approximates 3D molecular shape overlap)
feat_005,float,,SAND shape-aware embedding dimension 5 (L2-normalized; cosine similarity approximates 3D molecular shape overlap)
feat_006,float,,SAND shape-aware embedding dimension 6 (L2-normalized; cosine similarity approximates 3D molecular shape overlap)
feat_007,float,,SAND shape-aware embedding dimension 7 (L2-normalized; cosine similarity approximates 3D molecular shape overlap)
feat_008,float,,SAND shape-aware embedding dimension 8 (L2-normalized; cosine similarity approximates 3D molecular shape overlap)
feat_009,float,,SAND shape-aware embedding dimension 9 (L2-normalized; cosine similarity approximates 3D molecular shape overlap)
feat_010,float,,SAND shape-aware embedding dimension 10 (L2-normalized; cosine similarity approximates 3D molecular shape overlap)
feat_011,float,,SAND shape-aware embedding dimension 11 (L2-normalized; cosine similarity approximates 3D molecular shape overlap)
feat_012,float,,SAND shape-aware embedding dimension 12 (L2-normalized; cosine similarity approximates 3D molecular shape overlap)
feat_013,float,,SAND shape-aware embedding dimension 13 (L2-normalized; cosine similarity approximates 3D molecular shape overlap)
feat_014,float,,SAND shape-aware embedding dimension 14 (L2-normalized; cosine similarity approximates 3D molecular shape overlap)
feat_015,float,,SAND shape-aware embedding dimension 15 (L2-normalized; cosine similarity approximates 3D molecular shape overlap)
feat_016,float,,SAND shape-aware embedding dimension 16 (L2-normalized; cosine similarity approximates 3D molecular shape overlap)
feat_017,float,,SAND shape-aware embedding dimension 17 (L2-normalized; cosine similarity approximates 3D molecular shape overlap)
feat_018,float,,SAND shape-aware embedding dimension 18 (L2-normalized; cosine similarity approximates 3D molecular shape overlap)
feat_019,float,,SAND shape-aware embedding dimension 19 (L2-normalized; cosine similarity approximates 3D molecular shape overlap)
feat_020,float,,SAND shape-aware embedding dimension 20 (L2-normalized; cosine similarity approximates 3D molecular shape overlap)
feat_021,float,,SAND shape-aware embedding dimension 21 (L2-normalized; cosine similarity approximates 3D molecular shape overlap)
feat_022,float,,SAND shape-aware embedding dimension 22 (L2-normalized; cosine similarity approximates 3D molecular shape overlap)
feat_023,float,,SAND shape-aware embedding dimension 23 (L2-normalized; cosine similarity approximates 3D molecular shape overlap)
feat_024,float,,SAND shape-aware embedding dimension 24 (L2-normalized; cosine similarity approximates 3D molecular shape overlap)
feat_025,float,,SAND shape-aware embedding dimension 25 (L2-normalized; cosine similarity approximates 3D molecular shape overlap)
feat_026,float,,SAND shape-aware embedding dimension 26 (L2-normalized; cosine similarity approximates 3D molecular shape overlap)
feat_027,float,,SAND shape-aware embedding dimension 27 (L2-normalized; cosine similarity approximates 3D molecular shape overlap)
feat_028,float,,SAND shape-aware embedding dimension 28 (L2-normalized; cosine similarity approximates 3D molecular shape overlap)
feat_029,float,,SAND shape-aware embedding dimension 29 (L2-normalized; cosine similarity approximates 3D molecular shape overlap)
feat_030,float,,SAND shape-aware embedding dimension 30 (L2-normalized; cosine similarity approximates 3D molecular shape overlap)
feat_031,float,,SAND shape-aware embedding dimension 31 (L2-normalized; cosine similarity approximates 3D molecular shape overlap)
feat_032,float,,SAND shape-aware embedding dimension 32 (L2-normalized; cosine similarity approximates 3D molecular shape overlap)
feat_033,float,,SAND shape-aware embedding dimension 33 (L2-normalized; cosine similarity approximates 3D molecular shape overlap)
feat_034,float,,SAND shape-aware embedding dimension 34 (L2-normalized; cosine similarity approximates 3D molecular shape overlap)
feat_035,float,,SAND shape-aware embedding dimension 35 (L2-normalized; cosine similarity approximates 3D molecular shape overlap)
feat_036,float,,SAND shape-aware embedding dimension 36 (L2-normalized; cosine similarity approximates 3D molecular shape overlap)
feat_037,float,,SAND shape-aware embedding dimension 37 (L2-normalized; cosine similarity approximates 3D molecular shape overlap)
feat_038,float,,SAND shape-aware embedding dimension 38 (L2-normalized; cosine similarity approximates 3D molecular shape overlap)
feat_039,float,,SAND shape-aware embedding dimension 39 (L2-normalized; cosine similarity approximates 3D molecular shape overlap)
feat_040,float,,SAND shape-aware embedding dimension 40 (L2-normalized; cosine similarity approximates 3D molecular shape overlap)
feat_041,float,,SAND shape-aware embedding dimension 41 (L2-normalized; cosine similarity approximates 3D molecular shape overlap)
feat_042,float,,SAND shape-aware embedding dimension 42 (L2-normalized; cosine similarity approximates 3D molecular shape overlap)
feat_043,float,,SAND shape-aware embedding dimension 43 (L2-normalized; cosine similarity approximates 3D molecular shape overlap)
feat_044,float,,SAND shape-aware embedding dimension 44 (L2-normalized; cosine similarity approximates 3D molecular shape overlap)
feat_045,float,,SAND shape-aware embedding dimension 45 (L2-normalized; cosine similarity approximates 3D molecular shape overlap)
feat_046,float,,SAND shape-aware embedding dimension 46 (L2-normalized; cosine similarity approximates 3D molecular shape overlap)
feat_047,float,,SAND shape-aware embedding dimension 47 (L2-normalized; cosine similarity approximates 3D molecular shape overlap)
feat_048,float,,SAND shape-aware embedding dimension 48 (L2-normalized; cosine similarity approximates 3D molecular shape overlap)
feat_049,float,,SAND shape-aware embedding dimension 49 (L2-normalized; cosine similarity approximates 3D molecular shape overlap)
feat_050,float,,SAND shape-aware embedding dimension 50 (L2-normalized; cosine similarity approximates 3D molecular shape overlap)
feat_051,float,,SAND shape-aware embedding dimension 51 (L2-normalized; cosine similarity approximates 3D molecular shape overlap)
feat_052,float,,SAND shape-aware embedding dimension 52 (L2-normalized; cosine similarity approximates 3D molecular shape overlap)
feat_053,float,,SAND shape-aware embedding dimension 53 (L2-normalized; cosine similarity approximates 3D molecular shape overlap)
feat_054,float,,SAND shape-aware embedding dimension 54 (L2-normalized; cosine similarity approximates 3D molecular shape overlap)
feat_055,float,,SAND shape-aware embedding dimension 55 (L2-normalized; cosine similarity approximates 3D molecular shape overlap)
feat_056,float,,SAND shape-aware embedding dimension 56 (L2-normalized; cosine similarity approximates 3D molecular shape overlap)
feat_057,float,,SAND shape-aware embedding dimension 57 (L2-normalized; cosine similarity approximates 3D molecular shape overlap)
feat_058,float,,SAND shape-aware embedding dimension 58 (L2-normalized; cosine similarity approximates 3D molecular shape overlap)
feat_059,float,,SAND shape-aware embedding dimension 59 (L2-normalized; cosine similarity approximates 3D molecular shape overlap)
feat_060,float,,SAND shape-aware embedding dimension 60 (L2-normalized; cosine similarity approximates 3D molecular shape overlap)
feat_061,float,,SAND shape-aware embedding dimension 61 (L2-normalized; cosine similarity approximates 3D molecular shape overlap)
feat_062,float,,SAND shape-aware embedding dimension 62 (L2-normalized; cosine similarity approximates 3D molecular shape overlap)
feat_063,float,,SAND shape-aware embedding dimension 63 (L2-normalized; cosine similarity approximates 3D molecular shape overlap)
feat_064,float,,SAND shape-aware embedding dimension 64 (L2-normalized; cosine similarity approximates 3D molecular shape overlap)
feat_065,float,,SAND shape-aware embedding dimension 65 (L2-normalized; cosine similarity approximates 3D molecular shape overlap)
feat_066,float,,SAND shape-aware embedding dimension 66 (L2-normalized; cosine similarity approximates 3D molecular shape overlap)
feat_067,float,,SAND shape-aware embedding dimension 67 (L2-normalized; cosine similarity approximates 3D molecular shape overlap)
feat_068,float,,SAND shape-aware embedding dimension 68 (L2-normalized; cosine similarity approximates 3D molecular shape overlap)
feat_069,float,,SAND shape-aware embedding dimension 69 (L2-normalized; cosine similarity approximates 3D molecular shape overlap)
feat_070,float,,SAND shape-aware embedding dimension 70 (L2-normalized; cosine similarity approximates 3D molecular shape overlap)
feat_071,float,,SAND shape-aware embedding dimension 71 (L2-normalized; cosine similarity approximates 3D molecular shape overlap)
feat_072,float,,SAND shape-aware embedding dimension 72 (L2-normalized; cosine similarity approximates 3D molecular shape overlap)
feat_073,float,,SAND shape-aware embedding dimension 73 (L2-normalized; cosine similarity approximates 3D molecular shape overlap)
feat_074,float,,SAND shape-aware embedding dimension 74 (L2-normalized; cosine similarity approximates 3D molecular shape overlap)
feat_075,float,,SAND shape-aware embedding dimension 75 (L2-normalized; cosine similarity approximates 3D molecular shape overlap)
feat_076,float,,SAND shape-aware embedding dimension 76 (L2-normalized; cosine similarity approximates 3D molecular shape overlap)
feat_077,float,,SAND shape-aware embedding dimension 77 (L2-normalized; cosine similarity approximates 3D molecular shape overlap)
feat_078,float,,SAND shape-aware embedding dimension 78 (L2-normalized; cosine similarity approximates 3D molecular shape overlap)
feat_079,float,,SAND shape-aware embedding dimension 79 (L2-normalized; cosine similarity approximates 3D molecular shape overlap)
feat_080,float,,SAND shape-aware embedding dimension 80 (L2-normalized; cosine similarity approximates 3D molecular shape overlap)
feat_081,float,,SAND shape-aware embedding dimension 81 (L2-normalized; cosine similarity approximates 3D molecular shape overlap)
feat_082,float,,SAND shape-aware embedding dimension 82 (L2-normalized; cosine similarity approximates 3D molecular shape overlap)
feat_083,float,,SAND shape-aware embedding dimension 83 (L2-normalized; cosine similarity approximates 3D molecular shape overlap)
feat_084,float,,SAND shape-aware embedding dimension 84 (L2-normalized; cosine similarity approximates 3D molecular shape overlap)
feat_085,float,,SAND shape-aware embedding dimension 85 (L2-normalized; cosine similarity approximates 3D molecular shape overlap)
feat_086,float,,SAND shape-aware embedding dimension 86 (L2-normalized; cosine similarity approximates 3D molecular shape overlap)
feat_087,float,,SAND shape-aware embedding dimension 87 (L2-normalized; cosine similarity approximates 3D molecular shape overlap)
feat_088,float,,SAND shape-aware embedding dimension 88 (L2-normalized; cosine similarity approximates 3D molecular shape overlap)
feat_089,float,,SAND shape-aware embedding dimension 89 (L2-normalized; cosine similarity approximates 3D molecular shape overlap)
feat_090,float,,SAND shape-aware embedding dimension 90 (L2-normalized; cosine similarity approximates 3D molecular shape overlap)
feat_091,float,,SAND shape-aware embedding dimension 91 (L2-normalized; cosine similarity approximates 3D molecular shape overlap)
feat_092,float,,SAND shape-aware embedding dimension 92 (L2-normalized; cosine similarity approximates 3D molecular shape overlap)
feat_093,float,,SAND shape-aware embedding dimension 93 (L2-normalized; cosine similarity approximates 3D molecular shape overlap)
feat_094,float,,SAND shape-aware embedding dimension 94 (L2-normalized; cosine similarity approximates 3D molecular shape overlap)
feat_095,float,,SAND shape-aware embedding dimension 95 (L2-normalized; cosine similarity approximates 3D molecular shape overlap)
feat_096,float,,SAND shape-aware embedding dimension 96 (L2-normalized; cosine similarity approximates 3D molecular shape overlap)
feat_097,float,,SAND shape-aware embedding dimension 97 (L2-normalized; cosine similarity approximates 3D molecular shape overlap)
feat_098,float,,SAND shape-aware embedding dimension 98 (L2-normalized; cosine similarity approximates 3D molecular shape overlap)
feat_099,float,,SAND shape-aware embedding dimension 99 (L2-normalized; cosine similarity approximates 3D molecular shape overlap)
feat_100,float,,SAND shape-aware embedding dimension 100 (L2-normalized; cosine similarity approximates 3D molecular shape overlap)
feat_101,float,,SAND shape-aware embedding dimension 101 (L2-normalized; cosine similarity approximates 3D molecular shape overlap)
feat_102,float,,SAND shape-aware embedding dimension 102 (L2-normalized; cosine similarity approximates 3D molecular shape overlap)
feat_103,float,,SAND shape-aware embedding dimension 103 (L2-normalized; cosine similarity approximates 3D molecular shape overlap)
feat_104,float,,SAND shape-aware embedding dimension 104 (L2-normalized; cosine similarity approximates 3D molecular shape overlap)
feat_105,float,,SAND shape-aware embedding dimension 105 (L2-normalized; cosine similarity approximates 3D molecular shape overlap)
feat_106,float,,SAND shape-aware embedding dimension 106 (L2-normalized; cosine similarity approximates 3D molecular shape overlap)
feat_107,float,,SAND shape-aware embedding dimension 107 (L2-normalized; cosine similarity approximates 3D molecular shape overlap)
feat_108,float,,SAND shape-aware embedding dimension 108 (L2-normalized; cosine similarity approximates 3D molecular shape overlap)
feat_109,float,,SAND shape-aware embedding dimension 109 (L2-normalized; cosine similarity approximates 3D molecular shape overlap)
feat_110,float,,SAND shape-aware embedding dimension 110 (L2-normalized; cosine similarity approximates 3D molecular shape overlap)
feat_111,float,,SAND shape-aware embedding dimension 111 (L2-normalized; cosine similarity approximates 3D molecular shape overlap)
feat_112,float,,SAND shape-aware embedding dimension 112 (L2-normalized; cosine similarity approximates 3D molecular shape overlap)
feat_113,float,,SAND shape-aware embedding dimension 113 (L2-normalized; cosine similarity approximates 3D molecular shape overlap)
feat_114,float,,SAND shape-aware embedding dimension 114 (L2-normalized; cosine similarity approximates 3D molecular shape overlap)
feat_115,float,,SAND shape-aware embedding dimension 115 (L2-normalized; cosine similarity approximates 3D molecular shape overlap)
feat_116,float,,SAND shape-aware embedding dimension 116 (L2-normalized; cosine similarity approximates 3D molecular shape overlap)
feat_117,float,,SAND shape-aware embedding dimension 117 (L2-normalized; cosine similarity approximates 3D molecular shape overlap)
feat_118,float,,SAND shape-aware embedding dimension 118 (L2-normalized; cosine similarity approximates 3D molecular shape overlap)
feat_119,float,,SAND shape-aware embedding dimension 119 (L2-normalized; cosine similarity approximates 3D molecular shape overlap)
feat_120,float,,SAND shape-aware embedding dimension 120 (L2-normalized; cosine similarity approximates 3D molecular shape overlap)
feat_121,float,,SAND shape-aware embedding dimension 121 (L2-normalized; cosine similarity approximates 3D molecular shape overlap)
feat_122,float,,SAND shape-aware embedding dimension 122 (L2-normalized; cosine similarity approximates 3D molecular shape overlap)
feat_123,float,,SAND shape-aware embedding dimension 123 (L2-normalized; cosine similarity approximates 3D molecular shape overlap)
feat_124,float,,SAND shape-aware embedding dimension 124 (L2-normalized; cosine similarity approximates 3D molecular shape overlap)
feat_125,float,,SAND shape-aware embedding dimension 125 (L2-normalized; cosine similarity approximates 3D molecular shape overlap)
feat_126,float,,SAND shape-aware embedding dimension 126 (L2-normalized; cosine similarity approximates 3D molecular shape overlap)
feat_127,float,,SAND shape-aware embedding dimension 127 (L2-normalized; cosine similarity approximates 3D molecular shape overlap)
feat_128,float,,SAND shape-aware embedding dimension 128 (L2-normalized; cosine similarity approximates 3D molecular shape overlap)
feat_129,float,,SAND shape-aware embedding dimension 129 (L2-normalized; cosine similarity approximates 3D molecular shape overlap)
feat_130,float,,SAND shape-aware embedding dimension 130 (L2-normalized; cosine similarity approximates 3D molecular shape overlap)
feat_131,float,,SAND shape-aware embedding dimension 131 (L2-normalized; cosine similarity approximates 3D molecular shape overlap)
feat_132,float,,SAND shape-aware embedding dimension 132 (L2-normalized; cosine similarity approximates 3D molecular shape overlap)
feat_133,float,,SAND shape-aware embedding dimension 133 (L2-normalized; cosine similarity approximates 3D molecular shape overlap)
feat_134,float,,SAND shape-aware embedding dimension 134 (L2-normalized; cosine similarity approximates 3D molecular shape overlap)
feat_135,float,,SAND shape-aware embedding dimension 135 (L2-normalized; cosine similarity approximates 3D molecular shape overlap)
feat_136,float,,SAND shape-aware embedding dimension 136 (L2-normalized; cosine similarity approximates 3D molecular shape overlap)
feat_137,float,,SAND shape-aware embedding dimension 137 (L2-normalized; cosine similarity approximates 3D molecular shape overlap)
feat_138,float,,SAND shape-aware embedding dimension 138 (L2-normalized; cosine similarity approximates 3D molecular shape overlap)
feat_139,float,,SAND shape-aware embedding dimension 139 (L2-normalized; cosine similarity approximates 3D molecular shape overlap)
feat_140,float,,SAND shape-aware embedding dimension 140 (L2-normalized; cosine similarity approximates 3D molecular shape overlap)
feat_141,float,,SAND shape-aware embedding dimension 141 (L2-normalized; cosine similarity approximates 3D molecular shape overlap)
feat_142,float,,SAND shape-aware embedding dimension 142 (L2-normalized; cosine similarity approximates 3D molecular shape overlap)
feat_143,float,,SAND shape-aware embedding dimension 143 (L2-normalized; cosine similarity approximates 3D molecular shape overlap)
feat_144,float,,SAND shape-aware embedding dimension 144 (L2-normalized; cosine similarity approximates 3D molecular shape overlap)
feat_145,float,,SAND shape-aware embedding dimension 145 (L2-normalized; cosine similarity approximates 3D molecular shape overlap)
feat_146,float,,SAND shape-aware embedding dimension 146 (L2-normalized; cosine similarity approximates 3D molecular shape overlap)
feat_147,float,,SAND shape-aware embedding dimension 147 (L2-normalized; cosine similarity approximates 3D molecular shape overlap)
feat_148,float,,SAND shape-aware embedding dimension 148 (L2-normalized; cosine similarity approximates 3D molecular shape overlap)
feat_149,float,,SAND shape-aware embedding dimension 149 (L2-normalized; cosine similarity approximates 3D molecular shape overlap)
feat_150,float,,SAND shape-aware embedding dimension 150 (L2-normalized; cosine similarity approximates 3D molecular shape overlap)
feat_151,float,,SAND shape-aware embedding dimension 151 (L2-normalized; cosine similarity approximates 3D molecular shape overlap)
feat_152,float,,SAND shape-aware embedding dimension 152 (L2-normalized; cosine similarity approximates 3D molecular shape overlap)
feat_153,float,,SAND shape-aware embedding dimension 153 (L2-normalized; cosine similarity approximates 3D molecular shape overlap)
feat_154,float,,SAND shape-aware embedding dimension 154 (L2-normalized; cosine similarity approximates 3D molecular shape overlap)
feat_155,float,,SAND shape-aware embedding dimension 155 (L2-normalized; cosine similarity approximates 3D molecular shape overlap)
feat_156,float,,SAND shape-aware embedding dimension 156 (L2-normalized; cosine similarity approximates 3D molecular shape overlap)
feat_157,float,,SAND shape-aware embedding dimension 157 (L2-normalized; cosine similarity approximates 3D molecular shape overlap)
feat_158,float,,SAND shape-aware embedding dimension 158 (L2-normalized; cosine similarity approximates 3D molecular shape overlap)
feat_159,float,,SAND shape-aware embedding dimension 159 (L2-normalized; cosine similarity approximates 3D molecular shape overlap)
feat_160,float,,SAND shape-aware embedding dimension 160 (L2-normalized; cosine similarity approximates 3D molecular shape overlap)
feat_161,float,,SAND shape-aware embedding dimension 161 (L2-normalized; cosine similarity approximates 3D molecular shape overlap)
feat_162,float,,SAND shape-aware embedding dimension 162 (L2-normalized; cosine similarity approximates 3D molecular shape overlap)
feat_163,float,,SAND shape-aware embedding dimension 163 (L2-normalized; cosine similarity approximates 3D molecular shape overlap)
feat_164,float,,SAND shape-aware embedding dimension 164 (L2-normalized; cosine similarity approximates 3D molecular shape overlap)
feat_165,float,,SAND shape-aware embedding dimension 165 (L2-normalized; cosine similarity approximates 3D molecular shape overlap)
feat_166,float,,SAND shape-aware embedding dimension 166 (L2-normalized; cosine similarity approximates 3D molecular shape overlap)
feat_167,float,,SAND shape-aware embedding dimension 167 (L2-normalized; cosine similarity approximates 3D molecular shape overlap)
feat_168,float,,SAND shape-aware embedding dimension 168 (L2-normalized; cosine similarity approximates 3D molecular shape overlap)
feat_169,float,,SAND shape-aware embedding dimension 169 (L2-normalized; cosine similarity approximates 3D molecular shape overlap)
feat_170,float,,SAND shape-aware embedding dimension 170 (L2-normalized; cosine similarity approximates 3D molecular shape overlap)
feat_171,float,,SAND shape-aware embedding dimension 171 (L2-normalized; cosine similarity approximates 3D molecular shape overlap)
feat_172,float,,SAND shape-aware embedding dimension 172 (L2-normalized; cosine similarity approximates 3D molecular shape overlap)
feat_173,float,,SAND shape-aware embedding dimension 173 (L2-normalized; cosine similarity approximates 3D molecular shape overlap)
feat_174,float,,SAND shape-aware embedding dimension 174 (L2-normalized; cosine similarity approximates 3D molecular shape overlap)
feat_175,float,,SAND shape-aware embedding dimension 175 (L2-normalized; cosine similarity approximates 3D molecular shape overlap)
feat_176,float,,SAND shape-aware embedding dimension 176 (L2-normalized; cosine similarity approximates 3D molecular shape overlap)
feat_177,float,,SAND shape-aware embedding dimension 177 (L2-normalized; cosine similarity approximates 3D molecular shape overlap)
feat_178,float,,SAND shape-aware embedding dimension 178 (L2-normalized; cosine similarity approximates 3D molecular shape overlap)
feat_179,float,,SAND shape-aware embedding dimension 179 (L2-normalized; cosine similarity approximates 3D molecular shape overlap)
feat_180,float,,SAND shape-aware embedding dimension 180 (L2-normalized; cosine similarity approximates 3D molecular shape overlap)
feat_181,float,,SAND shape-aware embedding dimension 181 (L2-normalized; cosine similarity approximates 3D molecular shape overlap)
feat_182,float,,SAND shape-aware embedding dimension 182 (L2-normalized; cosine similarity approximates 3D molecular shape overlap)
feat_183,float,,SAND shape-aware embedding dimension 183 (L2-normalized; cosine similarity approximates 3D molecular shape overlap)
feat_184,float,,SAND shape-aware embedding dimension 184 (L2-normalized; cosine similarity approximates 3D molecular shape overlap)
feat_185,float,,SAND shape-aware embedding dimension 185 (L2-normalized; cosine similarity approximates 3D molecular shape overlap)
feat_186,float,,SAND shape-aware embedding dimension 186 (L2-normalized; cosine similarity approximates 3D molecular shape overlap)
feat_187,float,,SAND shape-aware embedding dimension 187 (L2-normalized; cosine similarity approximates 3D molecular shape overlap)
feat_188,float,,SAND shape-aware embedding dimension 188 (L2-normalized; cosine similarity approximates 3D molecular shape overlap)
feat_189,float,,SAND shape-aware embedding dimension 189 (L2-normalized; cosine similarity approximates 3D molecular shape overlap)
feat_190,float,,SAND shape-aware embedding dimension 190 (L2-normalized; cosine similarity approximates 3D molecular shape overlap)
feat_191,float,,SAND shape-aware embedding dimension 191 (L2-normalized; cosine similarity approximates 3D molecular shape overlap)
feat_192,float,,SAND shape-aware embedding dimension 192 (L2-normalized; cosine similarity approximates 3D molecular shape overlap)
feat_193,float,,SAND shape-aware embedding dimension 193 (L2-normalized; cosine similarity approximates 3D molecular shape overlap)
feat_194,float,,SAND shape-aware embedding dimension 194 (L2-normalized; cosine similarity approximates 3D molecular shape overlap)
feat_195,float,,SAND shape-aware embedding dimension 195 (L2-normalized; cosine similarity approximates 3D molecular shape overlap)
feat_196,float,,SAND shape-aware embedding dimension 196 (L2-normalized; cosine similarity approximates 3D molecular shape overlap)
feat_197,float,,SAND shape-aware embedding dimension 197 (L2-normalized; cosine similarity approximates 3D molecular shape overlap)
feat_198,float,,SAND shape-aware embedding dimension 198 (L2-normalized; cosine similarity approximates 3D molecular shape overlap)
feat_199,float,,SAND shape-aware embedding dimension 199 (L2-normalized; cosine similarity approximates 3D molecular shape overlap)
feat_200,float,,SAND shape-aware embedding dimension 200 (L2-normalized; cosine similarity approximates 3D molecular shape overlap)
feat_201,float,,SAND shape-aware embedding dimension 201 (L2-normalized; cosine similarity approximates 3D molecular shape overlap)
feat_202,float,,SAND shape-aware embedding dimension 202 (L2-normalized; cosine similarity approximates 3D molecular shape overlap)
feat_203,float,,SAND shape-aware embedding dimension 203 (L2-normalized; cosine similarity approximates 3D molecular shape overlap)
feat_204,float,,SAND shape-aware embedding dimension 204 (L2-normalized; cosine similarity approximates 3D molecular shape overlap)
feat_205,float,,SAND shape-aware embedding dimension 205 (L2-normalized; cosine similarity approximates 3D molecular shape overlap)
feat_206,float,,SAND shape-aware embedding dimension 206 (L2-normalized; cosine similarity approximates 3D molecular shape overlap)
feat_207,float,,SAND shape-aware embedding dimension 207 (L2-normalized; cosine similarity approximates 3D molecular shape overlap)
feat_208,float,,SAND shape-aware embedding dimension 208 (L2-normalized; cosine similarity approximates 3D molecular shape overlap)
feat_209,float,,SAND shape-aware embedding dimension 209 (L2-normalized; cosine similarity approximates 3D molecular shape overlap)
feat_210,float,,SAND shape-aware embedding dimension 210 (L2-normalized; cosine similarity approximates 3D molecular shape overlap)
feat_211,float,,SAND shape-aware embedding dimension 211 (L2-normalized; cosine similarity approximates 3D molecular shape overlap)
feat_212,float,,SAND shape-aware embedding dimension 212 (L2-normalized; cosine similarity approximates 3D molecular shape overlap)
feat_213,float,,SAND shape-aware embedding dimension 213 (L2-normalized; cosine similarity approximates 3D molecular shape overlap)
feat_214,float,,SAND shape-aware embedding dimension 214 (L2-normalized; cosine similarity approximates 3D molecular shape overlap)
feat_215,float,,SAND shape-aware embedding dimension 215 (L2-normalized; cosine similarity approximates 3D molecular shape overlap)
feat_216,float,,SAND shape-aware embedding dimension 216 (L2-normalized; cosine similarity approximates 3D molecular shape overlap)
feat_217,float,,SAND shape-aware embedding dimension 217 (L2-normalized; cosine similarity approximates 3D molecular shape overlap)
feat_218,float,,SAND shape-aware embedding dimension 218 (L2-normalized; cosine similarity approximates 3D molecular shape overlap)
feat_219,float,,SAND shape-aware embedding dimension 219 (L2-normalized; cosine similarity approximates 3D molecular shape overlap)
feat_220,float,,SAND shape-aware embedding dimension 220 (L2-normalized; cosine similarity approximates 3D molecular shape overlap)
feat_221,float,,SAND shape-aware embedding dimension 221 (L2-normalized; cosine similarity approximates 3D molecular shape overlap)
feat_222,float,,SAND shape-aware embedding dimension 222 (L2-normalized; cosine similarity approximates 3D molecular shape overlap)
feat_223,float,,SAND shape-aware embedding dimension 223 (L2-normalized; cosine similarity approximates 3D molecular shape overlap)
feat_224,float,,SAND shape-aware embedding dimension 224 (L2-normalized; cosine similarity approximates 3D molecular shape overlap)
feat_225,float,,SAND shape-aware embedding dimension 225 (L2-normalized; cosine similarity approximates 3D molecular shape overlap)
feat_226,float,,SAND shape-aware embedding dimension 226 (L2-normalized; cosine similarity approximates 3D molecular shape overlap)
feat_227,float,,SAND shape-aware embedding dimension 227 (L2-normalized; cosine similarity approximates 3D molecular shape overlap)
feat_228,float,,SAND shape-aware embedding dimension 228 (L2-normalized; cosine similarity approximates 3D molecular shape overlap)
feat_229,float,,SAND shape-aware embedding dimension 229 (L2-normalized; cosine similarity approximates 3D molecular shape overlap)
feat_230,float,,SAND shape-aware embedding dimension 230 (L2-normalized; cosine similarity approximates 3D molecular shape overlap)
feat_231,float,,SAND shape-aware embedding dimension 231 (L2-normalized; cosine similarity approximates 3D molecular shape overlap)
feat_232,float,,SAND shape-aware embedding dimension 232 (L2-normalized; cosine similarity approximates 3D molecular shape overlap)
feat_233,float,,SAND shape-aware embedding dimension 233 (L2-normalized; cosine similarity approximates 3D molecular shape overlap)
feat_234,float,,SAND shape-aware embedding dimension 234 (L2-normalized; cosine similarity approximates 3D molecular shape overlap)
feat_235,float,,SAND shape-aware embedding dimension 235 (L2-normalized; cosine similarity approximates 3D molecular shape overlap)
feat_236,float,,SAND shape-aware embedding dimension 236 (L2-normalized; cosine similarity approximates 3D molecular shape overlap)
feat_237,float,,SAND shape-aware embedding dimension 237 (L2-normalized; cosine similarity approximates 3D molecular shape overlap)
feat_238,float,,SAND shape-aware embedding dimension 238 (L2-normalized; cosine similarity approximates 3D molecular shape overlap)
feat_239,float,,SAND shape-aware embedding dimension 239 (L2-normalized; cosine similarity approximates 3D molecular shape overlap)
feat_240,float,,SAND shape-aware embedding dimension 240 (L2-normalized; cosine similarity approximates 3D molecular shape overlap)
feat_241,float,,SAND shape-aware embedding dimension 241 (L2-normalized; cosine similarity approximates 3D molecular shape overlap)
feat_242,float,,SAND shape-aware embedding dimension 242 (L2-normalized; cosine similarity approximates 3D molecular shape overlap)
feat_243,float,,SAND shape-aware embedding dimension 243 (L2-normalized; cosine similarity approximates 3D molecular shape overlap)
feat_244,float,,SAND shape-aware embedding dimension 244 (L2-normalized; cosine similarity approximates 3D molecular shape overlap)
feat_245,float,,SAND shape-aware embedding dimension 245 (L2-normalized; cosine similarity approximates 3D molecular shape overlap)
feat_246,float,,SAND shape-aware embedding dimension 246 (L2-normalized; cosine similarity approximates 3D molecular shape overlap)
feat_247,float,,SAND shape-aware embedding dimension 247 (L2-normalized; cosine similarity approximates 3D molecular shape overlap)
feat_248,float,,SAND shape-aware embedding dimension 248 (L2-normalized; cosine similarity approximates 3D molecular shape overlap)
feat_249,float,,SAND shape-aware embedding dimension 249 (L2-normalized; cosine similarity approximates 3D molecular shape overlap)
feat_250,float,,SAND shape-aware embedding dimension 250 (L2-normalized; cosine similarity approximates 3D molecular shape overlap)
feat_251,float,,SAND shape-aware embedding dimension 251 (L2-normalized; cosine similarity approximates 3D molecular shape overlap)
feat_252,float,,SAND shape-aware embedding dimension 252 (L2-normalized; cosine similarity approximates 3D molecular shape overlap)
feat_253,float,,SAND shape-aware embedding dimension 253 (L2-normalized; cosine similarity approximates 3D molecular shape overlap)
feat_254,float,,SAND shape-aware embedding dimension 254 (L2-normalized; cosine similarity approximates 3D molecular shape overlap)
feat_255,float,,SAND shape-aware embedding dimension 255 (L2-normalized; cosine similarity approximates 3D molecular shape overlap)
feat_256,float,,SAND shape-aware embedding dimension 256 (L2-normalized; cosine similarity approximates 3D molecular shape overlap)
feat_257,float,,SAND shape-aware embedding dimension 257 (L2-normalized; cosine similarity approximates 3D molecular shape overlap)
feat_258,float,,SAND shape-aware embedding dimension 258 (L2-normalized; cosine similarity approximates 3D molecular shape overlap)
feat_259,float,,SAND shape-aware embedding dimension 259 (L2-normalized; cosine similarity approximates 3D molecular shape overlap)
feat_260,float,,SAND shape-aware embedding dimension 260 (L2-normalized; cosine similarity approximates 3D molecular shape overlap)
feat_261,float,,SAND shape-aware embedding dimension 261 (L2-normalized; cosine similarity approximates 3D molecular shape overlap)
feat_262,float,,SAND shape-aware embedding dimension 262 (L2-normalized; cosine similarity approximates 3D molecular shape overlap)
feat_263,float,,SAND shape-aware embedding dimension 263 (L2-normalized; cosine similarity approximates 3D molecular shape overlap)
feat_264,float,,SAND shape-aware embedding dimension 264 (L2-normalized; cosine similarity approximates 3D molecular shape overlap)
feat_265,float,,SAND shape-aware embedding dimension 265 (L2-normalized; cosine similarity approximates 3D molecular shape overlap)
feat_266,float,,SAND shape-aware embedding dimension 266 (L2-normalized; cosine similarity approximates 3D molecular shape overlap)
feat_267,float,,SAND shape-aware embedding dimension 267 (L2-normalized; cosine similarity approximates 3D molecular shape overlap)
feat_268,float,,SAND shape-aware embedding dimension 268 (L2-normalized; cosine similarity approximates 3D molecular shape overlap)
feat_269,float,,SAND shape-aware embedding dimension 269 (L2-normalized; cosine similarity approximates 3D molecular shape overlap)
feat_270,float,,SAND shape-aware embedding dimension 270 (L2-normalized; cosine similarity approximates 3D molecular shape overlap)
feat_271,float,,SAND shape-aware embedding dimension 271 (L2-normalized; cosine similarity approximates 3D molecular shape overlap)
feat_272,float,,SAND shape-aware embedding dimension 272 (L2-normalized; cosine similarity approximates 3D molecular shape overlap)
feat_273,float,,SAND shape-aware embedding dimension 273 (L2-normalized; cosine similarity approximates 3D molecular shape overlap)
feat_274,float,,SAND shape-aware embedding dimension 274 (L2-normalized; cosine similarity approximates 3D molecular shape overlap)
feat_275,float,,SAND shape-aware embedding dimension 275 (L2-normalized; cosine similarity approximates 3D molecular shape overlap)
feat_276,float,,SAND shape-aware embedding dimension 276 (L2-normalized; cosine similarity approximates 3D molecular shape overlap)
feat_277,float,,SAND shape-aware embedding dimension 277 (L2-normalized; cosine similarity approximates 3D molecular shape overlap)
feat_278,float,,SAND shape-aware embedding dimension 278 (L2-normalized; cosine similarity approximates 3D molecular shape overlap)
feat_279,float,,SAND shape-aware embedding dimension 279 (L2-normalized; cosine similarity approximates 3D molecular shape overlap)
feat_280,float,,SAND shape-aware embedding dimension 280 (L2-normalized; cosine similarity approximates 3D molecular shape overlap)
feat_281,float,,SAND shape-aware embedding dimension 281 (L2-normalized; cosine similarity approximates 3D molecular shape overlap)
feat_282,float,,SAND shape-aware embedding dimension 282 (L2-normalized; cosine similarity approximates 3D molecular shape overlap)
feat_283,float,,SAND shape-aware embedding dimension 283 (L2-normalized; cosine similarity approximates 3D molecular shape overlap)
feat_284,float,,SAND shape-aware embedding dimension 284 (L2-normalized; cosine similarity approximates 3D molecular shape overlap)
feat_285,float,,SAND shape-aware embedding dimension 285 (L2-normalized; cosine similarity approximates 3D molecular shape overlap)
feat_286,float,,SAND shape-aware embedding dimension 286 (L2-normalized; cosine similarity approximates 3D molecular shape overlap)
feat_287,float,,SAND shape-aware embedding dimension 287 (L2-normalized; cosine similarity approximates 3D molecular shape overlap)
feat_288,float,,SAND shape-aware embedding dimension 288 (L2-normalized; cosine similarity approximates 3D molecular shape overlap)
feat_289,float,,SAND shape-aware embedding dimension 289 (L2-normalized; cosine similarity approximates 3D molecular shape overlap)
feat_290,float,,SAND shape-aware embedding dimension 290 (L2-normalized; cosine similarity approximates 3D molecular shape overlap)
feat_291,float,,SAND shape-aware embedding dimension 291 (L2-normalized; cosine similarity approximates 3D molecular shape overlap)
feat_292,float,,SAND shape-aware embedding dimension 292 (L2-normalized; cosine similarity approximates 3D molecular shape overlap)
feat_293,float,,SAND shape-aware embedding dimension 293 (L2-normalized; cosine similarity approximates 3D molecular shape overlap)
feat_294,float,,SAND shape-aware embedding dimension 294 (L2-normalized; cosine similarity approximates 3D molecular shape overlap)
feat_295,float,,SAND shape-aware embedding dimension 295 (L2-normalized; cosine similarity approximates 3D molecular shape overlap)
feat_296,float,,SAND shape-aware embedding dimension 296 (L2-normalized; cosine similarity approximates 3D molecular shape overlap)
feat_297,float,,SAND shape-aware embedding dimension 297 (L2-normalized; cosine similarity approximates 3D molecular shape overlap)
feat_298,float,,SAND shape-aware embedding dimension 298 (L2-normalized; cosine similarity approximates 3D molecular shape overlap)
feat_299,float,,SAND shape-aware embedding dimension 299 (L2-normalized; cosine similarity approximates 3D molecular shape overlap)
feat_300,float,,SAND shape-aware embedding dimension 300 (L2-normalized; cosine similarity approximates 3D molecular shape overlap)
feat_301,float,,SAND shape-aware embedding dimension 301 (L2-normalized; cosine similarity approximates 3D molecular shape overlap)
feat_302,float,,SAND shape-aware embedding dimension 302 (L2-normalized; cosine similarity approximates 3D molecular shape overlap)
feat_303,float,,SAND shape-aware embedding dimension 303 (L2-normalized; cosine similarity approximates 3D molecular shape overlap)
feat_304,float,,SAND shape-aware embedding dimension 304 (L2-normalized; cosine similarity approximates 3D molecular shape overlap)
feat_305,float,,SAND shape-aware embedding dimension 305 (L2-normalized; cosine similarity approximates 3D molecular shape overlap)
feat_306,float,,SAND shape-aware embedding dimension 306 (L2-normalized; cosine similarity approximates 3D molecular shape overlap)
feat_307,float,,SAND shape-aware embedding dimension 307 (L2-normalized; cosine similarity approximates 3D molecular shape overlap)
feat_308,float,,SAND shape-aware embedding dimension 308 (L2-normalized; cosine similarity approximates 3D molecular shape overlap)
feat_309,float,,SAND shape-aware embedding dimension 309 (L2-normalized; cosine similarity approximates 3D molecular shape overlap)
feat_310,float,,SAND shape-aware embedding dimension 310 (L2-normalized; cosine similarity approximates 3D molecular shape overlap)
feat_311,float,,SAND shape-aware embedding dimension 311 (L2-normalized; cosine similarity approximates 3D molecular shape overlap)
feat_312,float,,SAND shape-aware embedding dimension 312 (L2-normalized; cosine similarity approximates 3D molecular shape overlap)
feat_313,float,,SAND shape-aware embedding dimension 313 (L2-normalized; cosine similarity approximates 3D molecular shape overlap)
feat_314,float,,SAND shape-aware embedding dimension 314 (L2-normalized; cosine similarity approximates 3D molecular shape overlap)
feat_315,float,,SAND shape-aware embedding dimension 315 (L2-normalized; cosine similarity approximates 3D molecular shape overlap)
feat_316,float,,SAND shape-aware embedding dimension 316 (L2-normalized; cosine similarity approximates 3D molecular shape overlap)
feat_317,float,,SAND shape-aware embedding dimension 317 (L2-normalized; cosine similarity approximates 3D molecular shape overlap)
feat_318,float,,SAND shape-aware embedding dimension 318 (L2-normalized; cosine similarity approximates 3D molecular shape overlap)
feat_319,float,,SAND shape-aware embedding dimension 319 (L2-normalized; cosine similarity approximates 3D molecular shape overlap)
feat_320,float,,SAND shape-aware embedding dimension 320 (L2-normalized; cosine similarity approximates 3D molecular shape overlap)
feat_321,float,,SAND shape-aware embedding dimension 321 (L2-normalized; cosine similarity approximates 3D molecular shape overlap)
feat_322,float,,SAND shape-aware embedding dimension 322 (L2-normalized; cosine similarity approximates 3D molecular shape overlap)
feat_323,float,,SAND shape-aware embedding dimension 323 (L2-normalized; cosine similarity approximates 3D molecular shape overlap)
feat_324,float,,SAND shape-aware embedding dimension 324 (L2-normalized; cosine similarity approximates 3D molecular shape overlap)
feat_325,float,,SAND shape-aware embedding dimension 325 (L2-normalized; cosine similarity approximates 3D molecular shape overlap)
feat_326,float,,SAND shape-aware embedding dimension 326 (L2-normalized; cosine similarity approximates 3D molecular shape overlap)
feat_327,float,,SAND shape-aware embedding dimension 327 (L2-normalized; cosine similarity approximates 3D molecular shape overlap)
feat_328,float,,SAND shape-aware embedding dimension 328 (L2-normalized; cosine similarity approximates 3D molecular shape overlap)
feat_329,float,,SAND shape-aware embedding dimension 329 (L2-normalized; cosine similarity approximates 3D molecular shape overlap)
feat_330,float,,SAND shape-aware embedding dimension 330 (L2-normalized; cosine similarity approximates 3D molecular shape overlap)
feat_331,float,,SAND shape-aware embedding dimension 331 (L2-normalized; cosine similarity approximates 3D molecular shape overlap)
feat_332,float,,SAND shape-aware embedding dimension 332 (L2-normalized; cosine similarity approximates 3D molecular shape overlap)
feat_333,float,,SAND shape-aware embedding dimension 333 (L2-normalized; cosine similarity approximates 3D molecular shape overlap)
feat_334,float,,SAND shape-aware embedding dimension 334 (L2-normalized; cosine similarity approximates 3D molecular shape overlap)
feat_335,float,,SAND shape-aware embedding dimension 335 (L2-normalized; cosine similarity approximates 3D molecular shape overlap)
feat_336,float,,SAND shape-aware embedding dimension 336 (L2-normalized; cosine similarity approximates 3D molecular shape overlap)
feat_337,float,,SAND shape-aware embedding dimension 337 (L2-normalized; cosine similarity approximates 3D molecular shape overlap)
feat_338,float,,SAND shape-aware embedding dimension 338 (L2-normalized; cosine similarity approximates 3D molecular shape overlap)
feat_339,float,,SAND shape-aware embedding dimension 339 (L2-normalized; cosine similarity approximates 3D molecular shape overlap)
feat_340,float,,SAND shape-aware embedding dimension 340 (L2-normalized; cosine similarity approximates 3D molecular shape overlap)
feat_341,float,,SAND shape-aware embedding dimension 341 (L2-normalized; cosine similarity approximates 3D molecular shape overlap)
feat_342,float,,SAND shape-aware embedding dimension 342 (L2-normalized; cosine similarity approximates 3D molecular shape overlap)
feat_343,float,,SAND shape-aware embedding dimension 343 (L2-normalized; cosine similarity approximates 3D molecular shape overlap)
feat_344,float,,SAND shape-aware embedding dimension 344 (L2-normalized; cosine similarity approximates 3D molecular shape overlap)
feat_345,float,,SAND shape-aware embedding dimension 345 (L2-normalized; cosine similarity approximates 3D molecular shape overlap)
feat_346,float,,SAND shape-aware embedding dimension 346 (L2-normalized; cosine similarity approximates 3D molecular shape overlap)
feat_347,float,,SAND shape-aware embedding dimension 347 (L2-normalized; cosine similarity approximates 3D molecular shape overlap)
feat_348,float,,SAND shape-aware embedding dimension 348 (L2-normalized; cosine similarity approximates 3D molecular shape overlap)
feat_349,float,,SAND shape-aware embedding dimension 349 (L2-normalized; cosine similarity approximates 3D molecular shape overlap)
feat_350,float,,SAND shape-aware embedding dimension 350 (L2-normalized; cosine similarity approximates 3D molecular shape overlap)
feat_351,float,,SAND shape-aware embedding dimension 351 (L2-normalized; cosine similarity approximates 3D molecular shape overlap)
feat_352,float,,SAND shape-aware embedding dimension 352 (L2-normalized; cosine similarity approximates 3D molecular shape overlap)
feat_353,float,,SAND shape-aware embedding dimension 353 (L2-normalized; cosine similarity approximates 3D molecular shape overlap)
feat_354,float,,SAND shape-aware embedding dimension 354 (L2-normalized; cosine similarity approximates 3D molecular shape overlap)
feat_355,float,,SAND shape-aware embedding dimension 355 (L2-normalized; cosine similarity approximates 3D molecular shape overlap)
feat_356,float,,SAND shape-aware embedding dimension 356 (L2-normalized; cosine similarity approximates 3D molecular shape overlap)
feat_357,float,,SAND shape-aware embedding dimension 357 (L2-normalized; cosine similarity approximates 3D molecular shape overlap)
feat_358,float,,SAND shape-aware embedding dimension 358 (L2-normalized; cosine similarity approximates 3D molecular shape overlap)
feat_359,float,,SAND shape-aware embedding dimension 359 (L2-normalized; cosine similarity approximates 3D molecular shape overlap)
feat_360,float,,SAND shape-aware embedding dimension 360 (L2-normalized; cosine similarity approximates 3D molecular shape overlap)
feat_361,float,,SAND shape-aware embedding dimension 361 (L2-normalized; cosine similarity approximates 3D molecular shape overlap)
feat_362,float,,SAND shape-aware embedding dimension 362 (L2-normalized; cosine similarity approximates 3D molecular shape overlap)
feat_363,float,,SAND shape-aware embedding dimension 363 (L2-normalized; cosine similarity approximates 3D molecular shape overlap)
feat_364,float,,SAND shape-aware embedding dimension 364 (L2-normalized; cosine similarity approximates 3D molecular shape overlap)
feat_365,float,,SAND shape-aware embedding dimension 365 (L2-normalized; cosine similarity approximates 3D molecular shape overlap)
feat_366,float,,SAND shape-aware embedding dimension 366 (L2-normalized; cosine similarity approximates 3D molecular shape overlap)
feat_367,float,,SAND shape-aware embedding dimension 367 (L2-normalized; cosine similarity approximates 3D molecular shape overlap)
feat_368,float,,SAND shape-aware embedding dimension 368 (L2-normalized; cosine similarity approximates 3D molecular shape overlap)
feat_369,float,,SAND shape-aware embedding dimension 369 (L2-normalized; cosine similarity approximates 3D molecular shape overlap)
feat_370,float,,SAND shape-aware embedding dimension 370 (L2-normalized; cosine similarity approximates 3D molecular shape overlap)
feat_371,float,,SAND shape-aware embedding dimension 371 (L2-normalized; cosine similarity approximates 3D molecular shape overlap)
feat_372,float,,SAND shape-aware embedding dimension 372 (L2-normalized; cosine similarity approximates 3D molecular shape overlap)
feat_373,float,,SAND shape-aware embedding dimension 373 (L2-normalized; cosine similarity approximates 3D molecular shape overlap)
feat_374,float,,SAND shape-aware embedding dimension 374 (L2-normalized; cosine similarity approximates 3D molecular shape overlap)
feat_375,float,,SAND shape-aware embedding dimension 375 (L2-normalized; cosine similarity approximates 3D molecular shape overlap)
feat_376,float,,SAND shape-aware embedding dimension 376 (L2-normalized; cosine similarity approximates 3D molecular shape overlap)
feat_377,float,,SAND shape-aware embedding dimension 377 (L2-normalized; cosine similarity approximates 3D molecular shape overlap)
feat_378,float,,SAND shape-aware embedding dimension 378 (L2-normalized; cosine similarity approximates 3D molecular shape overlap)
feat_379,float,,SAND shape-aware embedding dimension 379 (L2-normalized; cosine similarity approximates 3D molecular shape overlap)
feat_380,float,,SAND shape-aware embedding dimension 380 (L2-normalized; cosine similarity approximates 3D molecular shape overlap)
feat_381,float,,SAND shape-aware embedding dimension 381 (L2-normalized; cosine similarity approximates 3D molecular shape overlap)
feat_382,float,,SAND shape-aware embedding dimension 382 (L2-normalized; cosine similarity approximates 3D molecular shape overlap)
feat_383,float,,SAND shape-aware embedding dimension 383 (L2-normalized; cosine similarity approximates 3D molecular shape overlap)
feat_384,float,,SAND shape-aware embedding dimension 384 (L2-normalized; cosine similarity approximates 3D molecular shape overlap)
feat_385,float,,SAND shape-aware embedding dimension 385 (L2-normalized; cosine similarity approximates 3D molecular shape overlap)
feat_386,float,,SAND shape-aware embedding dimension 386 (L2-normalized; cosine similarity approximates 3D molecular shape overlap)
feat_387,float,,SAND shape-aware embedding dimension 387 (L2-normalized; cosine similarity approximates 3D molecular shape overlap)
feat_388,float,,SAND shape-aware embedding dimension 388 (L2-normalized; cosine similarity approximates 3D molecular shape overlap)
feat_389,float,,SAND shape-aware embedding dimension 389 (L2-normalized; cosine similarity approximates 3D molecular shape overlap)
feat_390,float,,SAND shape-aware embedding dimension 390 (L2-normalized; cosine similarity approximates 3D molecular shape overlap)
feat_391,float,,SAND shape-aware embedding dimension 391 (L2-normalized; cosine similarity approximates 3D molecular shape overlap)
feat_392,float,,SAND shape-aware embedding dimension 392 (L2-normalized; cosine similarity approximates 3D molecular shape overlap)
feat_393,float,,SAND shape-aware embedding dimension 393 (L2-normalized; cosine similarity approximates 3D molecular shape overlap)
feat_394,float,,SAND shape-aware embedding dimension 394 (L2-normalized; cosine similarity approximates 3D molecular shape overlap)
feat_395,float,,SAND shape-aware embedding dimension 395 (L2-normalized; cosine similarity approximates 3D molecular shape overlap)
feat_396,float,,SAND shape-aware embedding dimension 396 (L2-normalized; cosine similarity approximates 3D molecular shape overlap)
feat_397,float,,SAND shape-aware embedding dimension 397 (L2-normalized; cosine similarity approximates 3D molecular shape overlap)
feat_398,float,,SAND shape-aware embedding dimension 398 (L2-normalized; cosine similarity approximates 3D molecular shape overlap)
feat_399,float,,SAND shape-aware embedding dimension 399 (L2-normalized; cosine similarity approximates 3D molecular shape overlap)
feat_400,float,,SAND shape-aware embedding dimension 400 (L2-normalized; cosine similarity approximates 3D molecular shape overlap)
feat_401,float,,SAND shape-aware embedding dimension 401 (L2-normalized; cosine similarity approximates 3D molecular shape overlap)
feat_402,float,,SAND shape-aware embedding dimension 402 (L2-normalized; cosine similarity approximates 3D molecular shape overlap)
feat_403,float,,SAND shape-aware embedding dimension 403 (L2-normalized; cosine similarity approximates 3D molecular shape overlap)
feat_404,float,,SAND shape-aware embedding dimension 404 (L2-normalized; cosine similarity approximates 3D molecular shape overlap)
feat_405,float,,SAND shape-aware embedding dimension 405 (L2-normalized; cosine similarity approximates 3D molecular shape overlap)
feat_406,float,,SAND shape-aware embedding dimension 406 (L2-normalized; cosine similarity approximates 3D molecular shape overlap)
feat_407,float,,SAND shape-aware embedding dimension 407 (L2-normalized; cosine similarity approximates 3D molecular shape overlap)
feat_408,float,,SAND shape-aware embedding dimension 408 (L2-normalized; cosine similarity approximates 3D molecular shape overlap)
feat_409,float,,SAND shape-aware embedding dimension 409 (L2-normalized; cosine similarity approximates 3D molecular shape overlap)
feat_410,float,,SAND shape-aware embedding dimension 410 (L2-normalized; cosine similarity approximates 3D molecular shape overlap)
feat_411,float,,SAND shape-aware embedding dimension 411 (L2-normalized; cosine similarity approximates 3D molecular shape overlap)
feat_412,float,,SAND shape-aware embedding dimension 412 (L2-normalized; cosine similarity approximates 3D molecular shape overlap)
feat_413,float,,SAND shape-aware embedding dimension 413 (L2-normalized; cosine similarity approximates 3D molecular shape overlap)
feat_414,float,,SAND shape-aware embedding dimension 414 (L2-normalized; cosine similarity approximates 3D molecular shape overlap)
feat_415,float,,SAND shape-aware embedding dimension 415 (L2-normalized; cosine similarity approximates 3D molecular shape overlap)
feat_416,float,,SAND shape-aware embedding dimension 416 (L2-normalized; cosine similarity approximates 3D molecular shape overlap)
feat_417,float,,SAND shape-aware embedding dimension 417 (L2-normalized; cosine similarity approximates 3D molecular shape overlap)
feat_418,float,,SAND shape-aware embedding dimension 418 (L2-normalized; cosine similarity approximates 3D molecular shape overlap)
feat_419,float,,SAND shape-aware embedding dimension 419 (L2-normalized; cosine similarity approximates 3D molecular shape overlap)
feat_420,float,,SAND shape-aware embedding dimension 420 (L2-normalized; cosine similarity approximates 3D molecular shape overlap)
feat_421,float,,SAND shape-aware embedding dimension 421 (L2-normalized; cosine similarity approximates 3D molecular shape overlap)
feat_422,float,,SAND shape-aware embedding dimension 422 (L2-normalized; cosine similarity approximates 3D molecular shape overlap)
feat_423,float,,SAND shape-aware embedding dimension 423 (L2-normalized; cosine similarity approximates 3D molecular shape overlap)
feat_424,float,,SAND shape-aware embedding dimension 424 (L2-normalized; cosine similarity approximates 3D molecular shape overlap)
feat_425,float,,SAND shape-aware embedding dimension 425 (L2-normalized; cosine similarity approximates 3D molecular shape overlap)
feat_426,float,,SAND shape-aware embedding dimension 426 (L2-normalized; cosine similarity approximates 3D molecular shape overlap)
feat_427,float,,SAND shape-aware embedding dimension 427 (L2-normalized; cosine similarity approximates 3D molecular shape overlap)
feat_428,float,,SAND shape-aware embedding dimension 428 (L2-normalized; cosine similarity approximates 3D molecular shape overlap)
feat_429,float,,SAND shape-aware embedding dimension 429 (L2-normalized; cosine similarity approximates 3D molecular shape overlap)
feat_430,float,,SAND shape-aware embedding dimension 430 (L2-normalized; cosine similarity approximates 3D molecular shape overlap)
feat_431,float,,SAND shape-aware embedding dimension 431 (L2-normalized; cosine similarity approximates 3D molecular shape overlap)
feat_432,float,,SAND shape-aware embedding dimension 432 (L2-normalized; cosine similarity approximates 3D molecular shape overlap)
feat_433,float,,SAND shape-aware embedding dimension 433 (L2-normalized; cosine similarity approximates 3D molecular shape overlap)
feat_434,float,,SAND shape-aware embedding dimension 434 (L2-normalized; cosine similarity approximates 3D molecular shape overlap)
feat_435,float,,SAND shape-aware embedding dimension 435 (L2-normalized; cosine similarity approximates 3D molecular shape overlap)
feat_436,float,,SAND shape-aware embedding dimension 436 (L2-normalized; cosine similarity approximates 3D molecular shape overlap)
feat_437,float,,SAND shape-aware embedding dimension 437 (L2-normalized; cosine similarity approximates 3D molecular shape overlap)
feat_438,float,,SAND shape-aware embedding dimension 438 (L2-normalized; cosine similarity approximates 3D molecular shape overlap)
feat_439,float,,SAND shape-aware embedding dimension 439 (L2-normalized; cosine similarity approximates 3D molecular shape overlap)
feat_440,float,,SAND shape-aware embedding dimension 440 (L2-normalized; cosine similarity approximates 3D molecular shape overlap)
feat_441,float,,SAND shape-aware embedding dimension 441 (L2-normalized; cosine similarity approximates 3D molecular shape overlap)
feat_442,float,,SAND shape-aware embedding dimension 442 (L2-normalized; cosine similarity approximates 3D molecular shape overlap)
feat_443,float,,SAND shape-aware embedding dimension 443 (L2-normalized; cosine similarity approximates 3D molecular shape overlap)
feat_444,float,,SAND shape-aware embedding dimension 444 (L2-normalized; cosine similarity approximates 3D molecular shape overlap)
feat_445,float,,SAND shape-aware embedding dimension 445 (L2-normalized; cosine similarity approximates 3D molecular shape overlap)
feat_446,float,,SAND shape-aware embedding dimension 446 (L2-normalized; cosine similarity approximates 3D molecular shape overlap)
feat_447,float,,SAND shape-aware embedding dimension 447 (L2-normalized; cosine similarity approximates 3D molecular shape overlap)
feat_448,float,,SAND shape-aware embedding dimension 448 (L2-normalized; cosine similarity approximates 3D molecular shape overlap)
feat_449,float,,SAND shape-aware embedding dimension 449 (L2-normalized; cosine similarity approximates 3D molecular shape overlap)
feat_450,float,,SAND shape-aware embedding dimension 450 (L2-normalized; cosine similarity approximates 3D molecular shape overlap)
feat_451,float,,SAND shape-aware embedding dimension 451 (L2-normalized; cosine similarity approximates 3D molecular shape overlap)
feat_452,float,,SAND shape-aware embedding dimension 452 (L2-normalized; cosine similarity approximates 3D molecular shape overlap)
feat_453,float,,SAND shape-aware embedding dimension 453 (L2-normalized; cosine similarity approximates 3D molecular shape overlap)
feat_454,float,,SAND shape-aware embedding dimension 454 (L2-normalized; cosine similarity approximates 3D molecular shape overlap)
feat_455,float,,SAND shape-aware embedding dimension 455 (L2-normalized; cosine similarity approximates 3D molecular shape overlap)
feat_456,float,,SAND shape-aware embedding dimension 456 (L2-normalized; cosine similarity approximates 3D molecular shape overlap)
feat_457,float,,SAND shape-aware embedding dimension 457 (L2-normalized; cosine similarity approximates 3D molecular shape overlap)
feat_458,float,,SAND shape-aware embedding dimension 458 (L2-normalized; cosine similarity approximates 3D molecular shape overlap)
feat_459,float,,SAND shape-aware embedding dimension 459 (L2-normalized; cosine similarity approximates 3D molecular shape overlap)
feat_460,float,,SAND shape-aware embedding dimension 460 (L2-normalized; cosine similarity approximates 3D molecular shape overlap)
feat_461,float,,SAND shape-aware embedding dimension 461 (L2-normalized; cosine similarity approximates 3D molecular shape overlap)
feat_462,float,,SAND shape-aware embedding dimension 462 (L2-normalized; cosine similarity approximates 3D molecular shape overlap)
feat_463,float,,SAND shape-aware embedding dimension 463 (L2-normalized; cosine similarity approximates 3D molecular shape overlap)
feat_464,float,,SAND shape-aware embedding dimension 464 (L2-normalized; cosine similarity approximates 3D molecular shape overlap)
feat_465,float,,SAND shape-aware embedding dimension 465 (L2-normalized; cosine similarity approximates 3D molecular shape overlap)
feat_466,float,,SAND shape-aware embedding dimension 466 (L2-normalized; cosine similarity approximates 3D molecular shape overlap)
feat_467,float,,SAND shape-aware embedding dimension 467 (L2-normalized; cosine similarity approximates 3D molecular shape overlap)
feat_468,float,,SAND shape-aware embedding dimension 468 (L2-normalized; cosine similarity approximates 3D molecular shape overlap)
feat_469,float,,SAND shape-aware embedding dimension 469 (L2-normalized; cosine similarity approximates 3D molecular shape overlap)
feat_470,float,,SAND shape-aware embedding dimension 470 (L2-normalized; cosine similarity approximates 3D molecular shape overlap)
feat_471,float,,SAND shape-aware embedding dimension 471 (L2-normalized; cosine similarity approximates 3D molecular shape overlap)
feat_472,float,,SAND shape-aware embedding dimension 472 (L2-normalized; cosine similarity approximates 3D molecular shape overlap)
feat_473,float,,SAND shape-aware embedding dimension 473 (L2-normalized; cosine similarity approximates 3D molecular shape overlap)
feat_474,float,,SAND shape-aware embedding dimension 474 (L2-normalized; cosine similarity approximates 3D molecular shape overlap)
feat_475,float,,SAND shape-aware embedding dimension 475 (L2-normalized; cosine similarity approximates 3D molecular shape overlap)
feat_476,float,,SAND shape-aware embedding dimension 476 (L2-normalized; cosine similarity approximates 3D molecular shape overlap)
feat_477,float,,SAND shape-aware embedding dimension 477 (L2-normalized; cosine similarity approximates 3D molecular shape overlap)
feat_478,float,,SAND shape-aware embedding dimension 478 (L2-normalized; cosine similarity approximates 3D molecular shape overlap)
feat_479,float,,SAND shape-aware embedding dimension 479 (L2-normalized; cosine similarity approximates 3D molecular shape overlap)
feat_480,float,,SAND shape-aware embedding dimension 480 (L2-normalized; cosine similarity approximates 3D molecular shape overlap)
feat_481,float,,SAND shape-aware embedding dimension 481 (L2-normalized; cosine similarity approximates 3D molecular shape overlap)
feat_482,float,,SAND shape-aware embedding dimension 482 (L2-normalized; cosine similarity approximates 3D molecular shape overlap)
feat_483,float,,SAND shape-aware embedding dimension 483 (L2-normalized; cosine similarity approximates 3D molecular shape overlap)
feat_484,float,,SAND shape-aware embedding dimension 484 (L2-normalized; cosine similarity approximates 3D molecular shape overlap)
feat_485,float,,SAND shape-aware embedding dimension 485 (L2-normalized; cosine similarity approximates 3D molecular shape overlap)
feat_486,float,,SAND shape-aware embedding dimension 486 (L2-normalized; cosine similarity approximates 3D molecular shape overlap)
feat_487,float,,SAND shape-aware embedding dimension 487 (L2-normalized; cosine similarity approximates 3D molecular shape overlap)
feat_488,float,,SAND shape-aware embedding dimension 488 (L2-normalized; cosine similarity approximates 3D molecular shape overlap)
feat_489,float,,SAND shape-aware embedding dimension 489 (L2-normalized; cosine similarity approximates 3D molecular shape overlap)
feat_490,float,,SAND shape-aware embedding dimension 490 (L2-normalized; cosine similarity approximates 3D molecular shape overlap)
feat_491,float,,SAND shape-aware embedding dimension 491 (L2-normalized; cosine similarity approximates 3D molecular shape overlap)
feat_492,float,,SAND shape-aware embedding dimension 492 (L2-normalized; cosine similarity approximates 3D molecular shape overlap)
feat_493,float,,SAND shape-aware embedding dimension 493 (L2-normalized; cosine similarity approximates 3D molecular shape overlap)
feat_494,float,,SAND shape-aware embedding dimension 494 (L2-normalized; cosine similarity approximates 3D molecular shape overlap)
feat_495,float,,SAND shape-aware embedding dimension 495 (L2-normalized; cosine similarity approximates 3D molecular shape overlap)
feat_496,float,,SAND shape-aware embedding dimension 496 (L2-normalized; cosine similarity approximates 3D molecular shape overlap)
feat_497,float,,SAND shape-aware embedding dimension 497 (L2-normalized; cosine similarity approximates 3D molecular shape overlap)
feat_498,float,,SAND shape-aware embedding dimension 498 (L2-normalized; cosine similarity approximates 3D molecular shape overlap)
feat_499,float,,SAND shape-aware embedding dimension 499 (L2-normalized; cosine similarity approximates 3D molecular shape overlap)
feat_500,float,,SAND shape-aware embedding dimension 500 (L2-normalized; cosine similarity approximates 3D molecular shape overlap)
feat_501,float,,SAND shape-aware embedding dimension 501 (L2-normalized; cosine similarity approximates 3D molecular shape overlap)
feat_502,float,,SAND shape-aware embedding dimension 502 (L2-normalized; cosine similarity approximates 3D molecular shape overlap)
feat_503,float,,SAND shape-aware embedding dimension 503 (L2-normalized; cosine similarity approximates 3D molecular shape overlap)
feat_504,float,,SAND shape-aware embedding dimension 504 (L2-normalized; cosine similarity approximates 3D molecular shape overlap)
feat_505,float,,SAND shape-aware embedding dimension 505 (L2-normalized; cosine similarity approximates 3D molecular shape overlap)
feat_506,float,,SAND shape-aware embedding dimension 506 (L2-normalized; cosine similarity approximates 3D molecular shape overlap)
feat_507,float,,SAND shape-aware embedding dimension 507 (L2-normalized; cosine similarity approximates 3D molecular shape overlap)
feat_508,float,,SAND shape-aware embedding dimension 508 (L2-normalized; cosine similarity approximates 3D molecular shape overlap)
feat_509,float,,SAND shape-aware embedding dimension 509 (L2-normalized; cosine similarity approximates 3D molecular shape overlap)
feat_510,float,,SAND shape-aware embedding dimension 510 (L2-normalized; cosine similarity approximates 3D molecular shape overlap)
feat_511,float,,SAND shape-aware embedding dimension 511 (L2-normalized; cosine similarity approximates 3D molecular shape overlap)
